1000 Edwin Lau edwinlau20@gmail.com
1001 Raymond Anggono anggonoraymond@gmail.com
1002 Limas Nursalim limassnursalim@gmail.com
1003 Hansel Rahardjo foodboy1008@gmail.com
1004 Rebecca Estrada rebecca.estr@gmail.com 
1005 Hector Enriquez hecti13@gmail.com
1006 Sebastian Montes sebasmontes11@gmail.com
1007 Nicolas Braham nicolasbraham@hotmail.com